--DROP TABLE
DROP TABLE MATRICULA;
DROP TABLE DISCIPLINA;
DROP TABLE ALUNOS;

--CRIA플O TABELA ALUNOS
CREATE TABLE ALUNOS
(
    ID_ALUNO INT NOT NULL, 
    NOME VARCHAR2(20) NOT NULL,
    PRIMARY KEY(ID_ALUNO)
);

--CRIA플O TABELA DISCIPLINA
CREATE TABLE DISCIPLINA
(
    ID_DISCIPLINA INT NOT NULL,
    NOME_DISC VARCHAR2(20),
    PRIMARY KEY(ID_DISCIPLINA)
);

--CRIA플O A TABELA MATRICULA
CREATE TABLE MATRICULA 
(
    ID_ALUNO INT NOT NULL,
    ID_DISCIPLINA INT NOT NULL,
    PERIODO VARCHAR2(10),
    PRIMARY KEY (ID_ALUNO, ID_DISCIPLINA),
    FOREIGN KEY (ID_ALUNO) REFERENCES ALUNOS(ID_ALUNO),
    FOREIGN KEY (ID_DISCIPLINA) REFERENCES DISCIPLINA(ID_DISCIPLINA)
);

--INSERINDO REGISTRO ALUNO
INSERT INTO ALUNOS (ID_ALUNO, NOME) VALUES (1, 'BIBO');
INSERT INTO ALUNOS (ID_ALUNO, NOME) VALUES (2, 'SENHOR DOS ANEIS');
INSERT INTO ALUNOS (ID_ALUNO, NOME) VALUES (3, 'MORRO DO COCO');
INSERT INTO ALUNOS (ID_ALUNO, NOME) VALUES (4, 'TIO LILA');
INSERT INTO ALUNOS (ID_ALUNO, NOME) VALUES (5, 'OSAMA BIN LADEN');

SELECT * FROM ALUNOS;

--INSERT REGISTRO DISCIPLINAS 
INSERT INTO DISCIPLINA (ID_DISCIPLINA, NOME_DISC) VALUES (1, 'FISICA');
INSERT INTO DISCIPLINA (ID_DISCIPLINA, NOME_DISC) VALUES (2, 'QUIMICA');
INSERT INTO DISCIPLINA (ID_DISCIPLINA, NOME_DISC) VALUES (3, 'MATEMATICA');
INSERT INTO DISCIPLINA (ID_DISCIPLINA, NOME_DISC) VALUES (4, 'BANCO DE DADOS');
INSERT INTO DISCIPLINA (ID_DISCIPLINA, NOME_DISC) VALUES (5, 'PROGRAMA플O');

SELECT * FROM DISCIPLINA;

--INSERINDO MATRICULA
INSERT INTO MATRICULA VALUES ('1','1','NOTURNO');
INSERT INTO MATRICULA VALUES ('1','2','VESPERINO');
INSERT INTO MATRICULA VALUES ('1','3','MATUTINO');

INSERT INTO MATRICULA VALUES ('2','3','NOTURNO');
INSERT INTO MATRICULA VALUES ('2','4','NOTURNO');

INSERT INTO MATRICULA VALUES ('3','1','NOTURNO');
INSERT INTO MATRICULA VALUES ('3','3','NOTURNO');
INSERT INTO MATRICULA VALUES ('3','4','NOTURNO');

INSERT INTO MATRICULA VALUES ('5','1','MATUTINO');
INSERT INTO MATRICULA VALUES ('5','2','VESPERTINO');
INSERT INTO MATRICULA VALUES ('5','4','NOTURNO');

SELECT * FROM MATRICULA;

------------

-- INNER JOIN 
SELECT A.NOME, C.NOME_DISC, B.PERIODO
FROM ALUNOS A
INNER JOIN MATRICULA B
    ON A.ID_ALUNO = B.ID_ALUNO
INNER JOIN DISCIPLINA C
    ON B.ID_DISCIPLINA = C.ID_DISCIPLINA;

-- LEFT JOIN 
SELECT A.NOME, B.PERIODO, C.NOME_DISC
FROM ALUNOS A 
LEFT JOIN MATRICULA B
ON A.ID_ALUNO = B.ID_ALUNO 
LEFT JOIN DISCIPLINA C
ON B.ID_DISCIPLINA = C.ID_DISCIPLINA;

-- RIGHT JOIN 
SELECT A.NOME, B.PERIODO, C.NOME_DISC
FROM ALUNOS A 
RIGHT JOIN MATRICULA B
ON A.ID_ALUNO = B.ID_ALUNO
RIGHT JOIN DISCIPLINA C
ON B.ID_DISCIPLINA = C.ID_DISCIPLINA;

-- FULL JOIN 
SELECT A.NOME, B.PERIODO, C.NOME_DISC
FROM ALUNOS A 
FULL JOIN MATRICULA B
ON A.ID_ALUNO = B.ID_ALUNO
FULL JOIN DISCIPLINA C
ON B.ID_DISCIPLINA = C.ID_DISCIPLINA;

-- INNER JOIN

SELECT * FROM HR.EMPLOYEES;
SELECT * FROM HR.DEPARTMENTS;
SELECT * FROM HR.JOBS;

SELECT A.EMPLOYEE_ID, A.FIRST_NAME, B.DEPARTMENT_NAME, C.JOB_TITLE
FROM HR.EMPLOYEES A 
INNER JOIN HR.DEPARTMENTS B
ON A.DEPARTMENT_ID = B.DEPARTMENT_ID
INNER JOIN HR.JOBS C 
ON A.JOB_ID = C.JOB_ID
ORDER BY 1;

-- RIGHT JOIN

SELECT * FROM HR.EMPLOYEES;
SELECT * FROM HR.DEPARTMENTS;
SELECT * FROM HR.JOBS;

SELECT A.EMPLOYEE_ID, A.FIRST_NAME, B.DEPARTMENT_NAME, C.JOB_TITLE
FROM HR.EMPLOYEES A 
RIGHT JOIN HR.DEPARTMENTS B
ON A.DEPARTMENT_ID = B.DEPARTMENT_ID
RIGHT JOIN HR.JOBS C 
ON A.JOB_ID = C.JOB_ID
ORDER BY 1;